Workbook

Sheet Sheet4
A1: Volatility (to maturity) | B1: =Table!B3 -> 0.2 | L1: Just change the three bold values in Column B.
A2: Delta | B2: =Table!B4 -> 0.25 | C2: Delta | D2: =B2/2 -> 0.125 | E2: Delta | F2: =D2/2 -> 0.0625 | G2: Delta | H2: =F2/2 -> 0.03125 | I2: Delta | J2: =H2/2 -> 0.015625
A3: K0 | B3: =Table!B5 -> 0.77 | C3: K0 | D3: =(1+B3)/2 -> 0.885 | E3: K0 | F3: =(1+D3)/2 -> 0.9425 | G3: K0 | H3: =(1+F3)/2 -> 0.97125 | I3: K0 | J3: =(1+H3)/2 -> 0.985625
A4: Note: F=1, r=0, T=1
A5: K1 | B5: =B3+B2 -> 1.02 | C5: K1 | D5: =D3+D2 -> 1.01 | E5: K1 | F5: =F3+F2 -> 1.005 | G5: K1 | H5: =H3+H2 -> 1.0025 | I5: K1 | J5: =J3+J2 -> 1.00125
A6: Black-Scholes Model:
A7: Call(K0) | B7: =NORMSDIST((-LN(B$3)+$B$1^2/2)/$B$1)-B$3*NORMSDIST((-LN(B$3)-$B$1^2/2)/$B$1) -> 0.23784768 | D7: =NORMSDIST((-LN(D$3)+$B$1^2/2)/$B$1)-D$3*NORMSDIST((-LN(D$3)-$B$1^2/2)/$B$1) -> 0.14609573 | F7: =NORMSDIST((-LN(F$3)+$B$1^2/2)/$B$1)-F$3*NORMSDIST((-LN(F$3)-$B$1^2/2)/$B$1) -> 0.10947003 | H7: =NORMSDIST((-LN(H$3)+$B$1^2/2)/$B$1)-H$3*NORMSDIST((-LN(H$3)-$B$1^2/2)/$B$1) -> 0.093716425 | J7: =NORMSDIST((-LN(J$3)+$B$1^2/2)/$B$1)-J$3*NORMSDIST((-LN(J$3)-$B$1^2/2)/$B$1) -> 0.086477113
A8: Call(K1) | B8: =NORMSDIST((-LN(B5)+$B$1^2/2)/$B$1)-B$5*NORMSDIST((-LN(B5)-$B$1^2/2)/$B$1) -> 0.070844942 | D8: =NORMSDIST((-LN(D5)+$B$1^2/2)/$B$1)-D$5*NORMSDIST((-LN(D5)-$B$1^2/2)/$B$1) -> 0.075152678 | F8: =NORMSDIST((-LN(F5)+$B$1^2/2)/$B$1)-F$5*NORMSDIST((-LN(F5)-$B$1^2/2)/$B$1) -> 0.07737956 | H8: =NORMSDIST((-LN(H5)+$B$1^2/2)/$B$1)-H$5*NORMSDIST((-LN(H5)-$B$1^2/2)/$B$1) -> 0.078511439 | J8: =NORMSDIST((-LN(J5)+$B$1^2/2)/$B$1)-J$5*NORMSDIST((-LN(J5)-$B$1^2/2)/$B$1) -> 0.079082009
A9: Put(K0) | B9: =B7+B3-1 -> 0.0078476815 | D9: =-NORMSDIST(-(-LN(D3)+$B$1^2/2)/$B$1)+D3*NORMSDIST(-(-LN(D3)-$B$1^2/2)/$B$1) -> 0.031095726 | F9: =-NORMSDIST(-(-LN(F3)+$B$1^2/2)/$B$1)+F3*NORMSDIST(-(-LN(F3)-$B$1^2/2)/$B$1) -> 0.051970027 | H9: =-NORMSDIST(-(-LN(H3)+$B$1^2/2)/$B$1)+H3*NORMSDIST(-(-LN(H3)-$B$1^2/2)/$B$1) -> 0.064966425 | J9: =-NORMSDIST(-(-LN(J3)+$B$1^2/2)/$B$1)+J3*NORMSDIST(-(-LN(J3)-$B$1^2/2)/$B$1) -> 0.072102113
A10: Put(K1) | B10: =B8+B5-1 -> 0.090844942 | D10: =-NORMSDIST(-(-LN(D5)+$B$1^2/2)/$B$1)+D5*NORMSDIST(-(-LN(D5)-$B$1^2/2)/$B$1) -> 0.085152678 | F10: =-NORMSDIST(-(-LN(F5)+$B$1^2/2)/$B$1)+F5*NORMSDIST(-(-LN(F5)-$B$1^2/2)/$B$1) -> 0.08237956 | H10: =-NORMSDIST(-(-LN(H5)+$B$1^2/2)/$B$1)+H5*NORMSDIST(-(-LN(H5)-$B$1^2/2)/$B$1) -> 0.081011439 | J10: =-NORMSDIST(-(-LN(J5)+$B$1^2/2)/$B$1)+J5*NORMSDIST(-(-LN(J5)-$B$1^2/2)/$B$1) -> 0.080332009
A12: Errors % ( and Ratios):
A13: CBOE VIX | B13: =SQRT(2*SUM(B22:B397)*B2+(B7-B9)/B3^2*B2-(1/B3-1)^2)/$B$1-1 -> 0.1488 | C13: =B13/D13 -> 4.28 | D13: =SQRT(2*SUM(D22:D397)*D2+(D7-D9)/D3^2*D2-(1/D3-1)^2)/$B$1-1 -> 0.0348003 | E13: =D13/F13 -> 4.13 | F13: =SQRT(2*SUM(F22:F397)*F2+(F7-F9)/F3^2*F2-(1/F3-1)^2)/$B$1-1 -> 0.008420932 | G13: =F13/H13 -> 4.07 | H13: =SQRT(2*SUM(H22:H397)*H2+(H7-H9)/H3^2*H2-(1/H3-1)^2)/$B$1-1 -> 0.0020701251 | I13: =H13/J13 -> 4.03 | J13: =SQRT(2*SUM(J22:J397)*J2+(J7-J9)/J3^2*J2-(1/J3-1)^2)/$B$1-1 -> 0.00051309785 | L13: The CBOE formula is usually less accurate than all others.
A14: Rectangle VIX | B14: =SQRT(2*SUM(B22:B397)*B2)/$B$1-1 -> 0.061 | C14: =B14/D14 -> 3.61 | D14: =SQRT(2*SUM(D22:D397)*D2)/$B$1-1 -> 0.0169092 | E14: =D14/F14 -> 3.84 | F14: =SQRT(2*SUM(F22:F397)*F2)/$B$1-1 -> 0.004401082 | G14: =F14/H14 -> 3.93 | H14: =SQRT(2*SUM(H22:H397)*H2)/$B$1-1 -> 0.0011192274 | I14: =H14/J14 -> 3.97 | J14: =SQRT(2*SUM(J22:J397)*J2)/$B$1-1 -> 0.00028198088 | L14: Rectangle is the simplest possible formula.
A15: Midpoint VIX | B15: =SQRT(2*SUM(B22:B397)*B2-LN(B3*B5)-2*(1/SQRT(B3*B5)-1)+B2^2/12)/$B$1-1 -> -0.064 | C15: =B15/D15 -> 9.42 | D15: =SQRT(2*SUM(D22:D397)*D2-LN(D3*D5)-2*(1/SQRT(D3*D5)-1)+D2^2/12)/$B$1-1 -> -0.0067935 | E15: =D15/F15 -> 8.54 | F15: =SQRT(2*SUM(F22:F397)*F2-LN(F3*F5)-2*(1/SQRT(F3*F5)-1)+F2^2/12)/$B$1-1 -> -0.000795085 | G15: =F15/H15 -> 8.25 | H15: =SQRT(2*SUM(H22:H397)*H2-LN(H3*H5)-2*(1/SQRT(H3*H5)-1)+H2^2/12)/$B$1-1 -> -9.63441e-05 | I15: =H15/J15 -> 8.12 | J15: =SQRT(2*SUM(J22:J397)*J2-LN(J3*J5)-2*(1/SQRT(J3*J5)-1)+J2^2/12)/$B$1-1 -> -1.1860629e-05 | L15: Midpoint weights options equally, plus an adjustment term.
A16: Simpson's VIX | B16: =SQRT(2*SUM(B22:B397)*B2+((B7-B9)/B3^2+(B10-B8)/B5^2)*B2/3-LN(B3)-1/B3-LN(B5)-1/B5+2-B2^4/5)/$B$1-1 -> 0.008 | C16: =B16/D16 -> 38.87 | D16: =SQRT(2*SUM(D22:D397)*D2+((D7-D9)/D3^2+(D10-D8)/D5^2)*D2/3-LN(D3)-1/D3-LN(D5)-1/D5+2-D2^4/5)/$B$1-1 -> 0.0002058 | E16: =D16/F16 -> 35.22 | F16: =SQRT(2*SUM(F22:F397)*F2+((F7-F9)/F3^2+(F10-F8)/F5^2)*F2/3-LN(F3)-1/F3-LN(F5)-1/F5+2-F2^4/5)/$B$1-1 -> 5.844e-06 | G16: =F16/H16 -> 33.49 | H16: =SQRT(2*SUM(H22:H397)*H2+((H7-H9)/H3^2+(H10-H8)/H5^2)*H2/3-LN(H3)-1/H3-LN(H5)-1/H5+2-H2^4/5)/$B$1-1 -> 1.745e-07 | I16: =H16/J16 -> 32.73 | J16: =SQRT(2*SUM(J22:J397)*J2+((J7-J9)/J3^2+(J10-J8)/J5^2)*J2/3-LN(J3)-1/J3-LN(J5)-1/J5+2-J2^4/5)/$B$1-1 -> 5.3316e-09 | L16: Simpson's weights options unequally at K0 and K1.
A17: unadjusted Simpson's | B17: =SQRT(2*SUM(B22:B397)*B2+((B7-B9)/B3^2+(B10-B8)/B5^2)*B2/3-LN(B3)-1/B3-LN(B5)-1/B5+2-0*B2^4/5)/$B$1-1 -> 0.0177 | C17: =B17/D17 -> 22.13 | D17: =SQRT(2*SUM(D22:D397)*D2+((D7-D9)/D3^2+(D10-D8)/D5^2)*D2/3-LN(D3)-1/D3-LN(D5)-1/D5+2-0*D2^4/5)/$B$1-1 -> 0.0008 | E17: =D17/F17 -> #DIV/0! | F17: =SQRT(2*SUM(F22:F397)*F2+((F7-F9)/F3^2+(F10-F8)/F5^2)*F2/3-LN(F3)-1/F3-LN(F5)-1/F5+2-0*F2^4/5)/$B$1-1 -> 0 | G17: =F17/H17 -> #DIV/0! | H17: =SQRT(2*SUM(H22:H397)*H2+((H7-H9)/H3^2+(H10-H8)/H5^2)*H2/3-LN(H3)-1/H3-LN(H5)-1/H5+2-0*H2^4/5)/$B$1-1 -> 0 | I17: =H17/J17 -> #DIV/0! | J17: =SQRT(2*SUM(J22:J397)*J2+((J7-J9)/J3^2+(J10-J8)/J5^2)*J2/3-LN(J3)-1/J3-LN(J5)-1/J5+2-0*J2^4/5)/$B$1-1 -> 0
A19: # of integrand > .0001 | B19: =COUNTIF(B22:B397,">.0001") -> 4 | D19: =COUNTIF(D22:D397,">.0001") -> 9 | F19: =COUNTIF(F22:F397,">.0001") -> 19 | H19: =COUNTIF(H22:H397,">.0001") -> 38 | J19: =COUNTIF(J22:J397,">.0001") -> 76
L20: =COUNTIF(L23:L398,">.0001") -> 0
A21: K | B21: Min(C,P)/K^2 | C21: K | D21: Min(C,P)/K^2 | E21: K | F21: Min(C,P)/K^2 | G21: K | H21: Min(C,P)/K^2 | I21: K | J21: Min(C,P)/K^2
A22: =B$3-FLOOR(B$3,B$2) -> 0.02 | B22: 0 | C22: =D3-FLOOR(D3,D2) -> 0.01 | D22: 0 | E22: =F3-FLOOR(F3,F2) -> 0.005 | F22: 0 | G22: =H3-FLOOR(H3,H2) -> 0.0025 | H22: 0 | I22: =J3-FLOOR(J3,J2) -> 0.00125 | J22: 0
A23: =A22+B$2 -> 0.27 | B23: =MIN(NORMSDIST((-LN(A23)+$B$1^2/2)/$B$1)-A23*NORMSDIST((-LN(A23)-$B$1^2/2)/$B$1),-NORMSDIST(-(-LN(A23)+$B$1^2/2)/$B$1)+A23*NORMSDIST(-(-LN(A23)-$B$1^2/2)/$B$1))/A23^2 -> 6.1074e-12 | C23: =C22+D$2 -> 0.135 | D23: =MIN(NORMSDIST((-LN(C23)+$B$1^2/2)/$B$1)-C23*NORMSDIST((-LN(C23)-$B$1^2/2)/$B$1),-NORMSDIST(-(-LN(C23)+$B$1^2/2)/$B$1)+C23*NORMSDIST(-(-LN(C23)-$B$1^2/2)/$B$1))/C23^2 -> 0 | E23: =E22+F$2 -> 0.0675 | F23: =MIN(NORMSDIST((-LN(E23)+$B$1^2/2)/$B$1)-E23*NORMSDIST((-LN(E23)-$B$1^2/2)/$B$1),-NORMSDIST(-(-LN(E23)+$B$1^2/2)/$B$1)+E23*NORMSDIST(-(-LN(E23)-$B$1^2/2)/$B$1))/E23^2 -> 0 | G23: =G22+H$2 -> 0.03375 | H23: =MIN(NORMSDIST((-LN(G23)+$B$1^2/2)/$B$1)-G23*NORMSDIST((-LN(G23)-$B$1^2/2)/$B$1),-NORMSDIST(-(-LN(G23)+$B$1^2/2)/$B$1)+G23*NORMSDIST(-(-LN(G23)-$B$1^2/2)/$B$1))/G23^2 -> 0 | I23: =I22+J$2 -> 0.016875 | J23: =MIN(NORMSDIST((-LN(I23)+$B$1^2/2)/$B$1)-I23*NORMSDIST((-LN(I23)-$B$1^2/2)/$B$1),-NORMSDIST(-(-LN(I23)+$B$1^2/2)/$B$1)+I23*NORMSDIST(-(-LN(I23)-$B$1^2/2)/$B$1))/I23^2 -> 0
A24: =A23+B$2 -> 0.52 | B24: =MIN(NORMSDIST((-LN(A24)+$B$1^2/2)/$B$1)-A24*NORMSDIST((-LN(A24)-$B$1^2/2)/$B$1),-NORMSDIST(-(-LN(A24)+$B$1^2/2)/$B$1)+A24*NORMSDIST(-(-LN(A24)-$B$1^2/2)/$B$1))/A24^2 -> 7.5814859e-05 | C24: =C23+D$2 -> 0.26 | D24: =MIN(NORMSDIST((-LN(C24)+$B$1^2/2)/$B$1)-C24*NORMSDIST((-LN(C24)-$B$1^2/2)/$B$1),-NORMSDIST(-(-LN(C24)+$B$1^2/2)/$B$1)+C24*NORMSDIST(-(-LN(C24)-$B$1^2/2)/$B$1))/C24^2 -> 1.7497e-12 | E24: =E23+F$2 -> 0.13 | F24: =MIN(NORMSDIST((-LN(E24)+$B$1^2/2)/$B$1)-E24*NORMSDIST((-LN(E24)-$B$1^2/2)/$B$1),-NORMSDIST(-(-LN(E24)+$B$1^2/2)/$B$1)+E24*NORMSDIST(-(-LN(E24)-$B$1^2/2)/$B$1))/E24^2 -> 0 | G24: =G23+H$2 -> 0.065 | H24: =MIN(NORMSDIST((-LN(G24)+$B$1^2/2)/$B$1)-G24*NORMSDIST((-LN(G24)-$B$1^2/2)/$B$1),-NORMSDIST(-(-LN(G24)+$B$1^2/2)/$B$1)+G24*NORMSDIST(-(-LN(G24)-$B$1^2/2)/$B$1))/G24^2 -> 0 | I24: =I23+J$2 -> 0.0325 | J24: =MIN(NORMSDIST((-LN(I24)+$B$1^2/2)/$B$1)-I24*NORMSDIST((-LN(I24)-$B$1^2/2)/$B$1),-NORMSDIST(-(-LN(I24)+$B$1^2/2)/$B$1)+I24*NORMSDIST(-(-LN(I24)-$B$1^2/2)/$B$1))/I24^2 -> 0
A25: =A24+B$2 -> 0.77 | B25: =MIN(NORMSDIST((-LN(A25)+$B$1^2/2)/$B$1)-A25*NORMSDIST((-LN(A25)-$B$1^2/2)/$B$1),-NORMSDIST(-(-LN(A25)+$B$1^2/2)/$B$1)+A25*NORMSDIST(-(-LN(A25)-$B$1^2/2)/$B$1))/A25^2 -> 0.013236096 | C25: =C24+D$2 -> 0.385 | D25: =MIN(NORMSDIST((-LN(C25)+$B$1^2/2)/$B$1)-C25*NORMSDIST((-LN(C25)-$B$1^2/2)/$B$1),-NORMSDIST(-(-LN(C25)+$B$1^2/2)/$B$1)+C25*NORMSDIST(-(-LN(C25)-$B$1^2/2)/$B$1))/C25^2 -> 1.4720924e-07 | E25: =E24+F$2 -> 0.1925 | F25: =MIN(NORMSDIST((-LN(E25)+$B$1^2/2)/$B$1)-E25*NORMSDIST((-LN(E25)-$B$1^2/2)/$B$1),-NORMSDIST(-(-LN(E25)+$B$1^2/2)/$B$1)+E25*NORMSDIST(-(-LN(E25)-$B$1^2/2)/$B$1))/E25^2 -> 0 | G25: =G24+H$2 -> 0.09625 | H25: =MIN(NORMSDIST((-LN(G25)+$B$1^2/2)/$B$1)-G25*NORMSDIST((-LN(G25)-$B$1^2/2)/$B$1),-NORMSDIST(-(-LN(G25)+$B$1^2/2)/$B$1)+G25*NORMSDIST(-(-LN(G25)-$B$1^2/2)/$B$1))/G25^2 -> 0 | I25: =I24+J$2 -> 0.048125 | J25: =MIN(NORMSDIST((-LN(I25)+$B$1^2/2)/$B$1)-I25*NORMSDIST((-LN(I25)-$B$1^2/2)/$B$1),-NORMSDIST(-(-LN(I25)+$B$1^2/2)/$B$1)+I25*NORMSDIST(-(-LN(I25)-$B$1^2/2)/$B$1))/I25^2 -> 0
A26: =A25+B$2 -> 1.02 | B26: =MIN(NORMSDIST((-LN(A26)+$B$1^2/2)/$B$1)-A26*NORMSDIST((-LN(A26)-$B$1^2/2)/$B$1),-NORMSDIST(-(-LN(A26)+$B$1^2/2)/$B$1)+A26*NORMSDIST(-(-LN(A26)-$B$1^2/2)/$B$1))/A26^2 -> 0.068093947 | C26: =C25+D$2 -> 0.51 | D26: =MIN(NORMSDIST((-LN(C26)+$B$1^2/2)/$B$1)-C26*NORMSDIST((-LN(C26)-$B$1^2/2)/$B$1),-NORMSDIST(-(-LN(C26)+$B$1^2/2)/$B$1)+C26*NORMSDIST(-(-LN(C26)-$B$1^2/2)/$B$1))/C26^2 -> 5.3894454e-05 | E26: =E25+F$2 -> 0.255 | F26: =MIN(NORMSDIST((-LN(E26)+$B$1^2/2)/$B$1)-E26*NORMSDIST((-LN(E26)-$B$1^2/2)/$B$1),-NORMSDIST(-(-LN(E26)+$B$1^2/2)/$B$1)+E26*NORMSDIST(-(-LN(E26)-$B$1^2/2)/$B$1))/E26^2 -> 9.075e-13 | G26: =G25+H$2 -> 0.1275 | H26: =MIN(NORMSDIST((-LN(G26)+$B$1^2/2)/$B$1)-G26*NORMSDIST((-LN(G26)-$B$1^2/2)/$B$1),-NORMSDIST(-(-LN(G26)+$B$1^2/2)/$B$1)+G26*NORMSDIST(-(-LN(G26)-$B$1^2/2)/$B$1))/G26^2 -> 0 | I26: =I25+J$2 -> 0.06375 | J26: =MIN(NORMSDIST((-LN(I26)+$B$1^2/2)/$B$1)-I26*NORMSDIST((-LN(I26)-$B$1^2/2)/$B$1),-NORMSDIST(-(-LN(I26)+$B$1^2/2)/$B$1)+I26*NORMSDIST(-(-LN(I26)-$B$1^2/2)/$B$1))/I26^2 -> 0
A27: =A26+B$2 -> 1.27 | B27: =MIN(NORMSDIST((-LN(A27)+$B$1^2/2)/$B$1)-A27*NORMSDIST((-LN(A27)-$B$1^2/2)/$B$1),-NORMSDIST(-(-LN(A27)+$B$1^2/2)/$B$1)+A27*NORMSDIST(-(-LN(A27)-$B$1^2/2)/$B$1))/A27^2 -> 0.0078925988 | C27: =C26+D$2 -> 0.635 | D27: =MIN(NORMSDIST((-LN(C27)+$B$1^2/2)/$B$1)-C27*NORMSDIST((-LN(C27)-$B$1^2/2)/$B$1),-NORMSDIST(-(-LN(C27)+$B$1^2/2)/$B$1)+C27*NORMSDIST(-(-LN(C27)-$B$1^2/2)/$B$1))/C27^2 -> 0.0015701704 | E27: =E26+F$2 -> 0.3175 | F27: =MIN(NORMSDIST((-LN(E27)+$B$1^2/2)/$B$1)-E27*NORMSDIST((-LN(E27)-$B$1^2/2)/$B$1),-NORMSDIST(-(-LN(E27)+$B$1^2/2)/$B$1)+E27*NORMSDIST(-(-LN(E27)-$B$1^2/2)/$B$1))/E27^2 -> 8.880981e-10 | G27: =G26+H$2 -> 0.15875 | H27: =MIN(NORMSDIST((-LN(G27)+$B$1^2/2)/$B$1)-G27*NORMSDIST((-LN(G27)-$B$1^2/2)/$B$1),-NORMSDIST(-(-LN(G27)+$B$1^2/2)/$B$1)+G27*NORMSDIST(-(-LN(G27)-$B$1^2/2)/$B$1))/G27^2 -> 0 | I27: =I26+J$2 -> 0.079375 | J27: =MIN(NORMSDIST((-LN(I27)+$B$1^2/2)/$B$1)-I27*NORMSDIST((-LN(I27)-$B$1^2/2)/$B$1),-NORMSDIST(-(-LN(I27)+$B$1^2/2)/$B$1)+I27*NORMSDIST(-(-LN(I27)-$B$1^2/2)/$B$1))/I27^2 -> 0
A28: =A27+B$2 -> 1.52 | B28: =MIN(NORMSDIST((-LN(A28)+$B$1^2/2)/$B$1)-A28*NORMSDIST((-LN(A28)-$B$1^2/2)/$B$1),-NORMSDIST(-(-LN(A28)+$B$1^2/2)/$B$1)+A28*NORMSDIST(-(-LN(A28)-$B$1^2/2)/$B$1))/A28^2 -> 0.00069992949 | C28: =C27+D$2 -> 0.76 | D28: =MIN(NORMSDIST((-LN(C28)+$B$1^2/2)/$B$1)-C28*NORMSDIST((-LN(C28)-$B$1^2/2)/$B$1),-NORMSDIST(-(-LN(C28)+$B$1^2/2)/$B$1)+C28*NORMSDIST(-(-LN(C28)-$B$1^2/2)/$B$1))/C28^2 -> 0.011723246 | E28: =E27+F$2 -> 0.38 | F28: =MIN(NORMSDIST((-LN(E28)+$B$1^2/2)/$B$1)-E28*NORMSDIST((-LN(E28)-$B$1^2/2)/$B$1),-NORMSDIST(-(-LN(E28)+$B$1^2/2)/$B$1)+E28*NORMSDIST(-(-LN(E28)-$B$1^2/2)/$B$1))/E28^2 -> 1.0701268e-07 | G28: =G27+H$2 -> 0.19 | H28: =MIN(NORMSDIST((-LN(G28)+$B$1^2/2)/$B$1)-G28*NORMSDIST((-LN(G28)-$B$1^2/2)/$B$1),-NORMSDIST(-(-LN(G28)+$B$1^2/2)/$B$1)+G28*NORMSDIST(-(-LN(G28)-$B$1^2/2)/$B$1))/G28^2 -> 0 | I28: =I27+J$2 -> 0.095 | J28: =MIN(NORMSDIST((-LN(I28)+$B$1^2/2)/$B$1)-I28*NORMSDIST((-LN(I28)-$B$1^2/2)/$B$1),-NORMSDIST(-(-LN(I28)+$B$1^2/2)/$B$1)+I28*NORMSDIST(-(-LN(I28)-$B$1^2/2)/$B$1))/I28^2 -> 0
A29: =A28+B$2 -> 1.77 | B29: =MIN(NORMSDIST((-LN(A29)+$B$1^2/2)/$B$1)-A29*NORMSDIST((-LN(A29)-$B$1^2/2)/$B$1),-NORMSDIST(-(-LN(A29)+$B$1^2/2)/$B$1)+A29*NORMSDIST(-(-LN(A29)-$B$1^2/2)/$B$1))/A29^2 -> 5.3460271e-05 | C29: =C28+D$2 -> 0.885 | D29: =MIN(NORMSDIST((-LN(C29)+$B$1^2/2)/$B$1)-C29*NORMSDIST((-LN(C29)-$B$1^2/2)/$B$1),-NORMSDIST(-(-LN(C29)+$B$1^2/2)/$B$1)+C29*NORMSDIST(-(-LN(C29)-$B$1^2/2)/$B$1))/C29^2 -> 0.039702162 | E29: =E28+F$2 -> 0.4425 | F29: =MIN(NORMSDIST((-LN(E29)+$B$1^2/2)/$B$1)-E29*NORMSDIST((-LN(E29)-$B$1^2/2)/$B$1),-NORMSDIST(-(-LN(E29)+$B$1^2/2)/$B$1)+E29*NORMSDIST(-(-LN(E29)-$B$1^2/2)/$B$1))/E29^2 -> 3.4325968e-06 | G29: =G28+H$2 -> 0.22125 | H29: =MIN(NORMSDIST((-LN(G29)+$B$1^2/2)/$B$1)-G29*NORMSDIST((-LN(G29)-$B$1^2/2)/$B$1),-NORMSDIST(-(-LN(G29)+$B$1^2/2)/$B$1)+G29*NORMSDIST(-(-LN(G29)-$B$1^2/2)/$B$1))/G29^2 -> 5.7e-15 | I29: =I28+J$2 -> 0.110625 | J29: =MIN(NORMSDIST((-LN(I29)+$B$1^2/2)/$B$1)-I29*NORMSDIST((-LN(I29)-$B$1^2/2)/$B$1),-NORMSDIST(-(-LN(I29)+$B$1^2/2)/$B$1)+I29*NORMSDIST(-(-LN(I29)-$B$1^2/2)/$B$1))/I29^2 -> 0
A30: =A29+B$2 -> 2.02 | B30: =MIN(NORMSDIST((-LN(A30)+$B$1^2/2)/$B$1)-A30*NORMSDIST((-LN(A30)-$B$1^2/2)/$B$1),-NORMSDIST(-(-LN(A30)+$B$1^2/2)/$B$1)+A30*NORMSDIST(-(-LN(A30)-$B$1^2/2)/$B$1))/A30^2 -> 3.8131035e-06 | C30: =C29+D$2 -> 1.01 | D30: =MIN(NORMSDIST((-LN(C30)+$B$1^2/2)/$B$1)-C30*NORMSDIST((-LN(C30)-$B$1^2/2)/$B$1),-NORMSDIST(-(-LN(C30)+$B$1^2/2)/$B$1)+C30*NORMSDIST(-(-LN(C30)-$B$1^2/2)/$B$1))/C30^2 -> 0.073671873 | E30: =E29+F$2 -> 0.505 | F30: =MIN(NORMSDIST((-LN(E30)+$B$1^2/2)/$B$1)-E30*NORMSDIST((-LN(E30)-$B$1^2/2)/$B$1),-NORMSDIST(-(-LN(E30)+$B$1^2/2)/$B$1)+E30*NORMSDIST(-(-LN(E30)-$B$1^2/2)/$B$1))/E30^2 -> 4.5179789e-05 | G30: =G29+H$2 -> 0.2525 | H30: =MIN(NORMSDIST((-LN(G30)+$B$1^2/2)/$B$1)-G30*NORMSDIST((-LN(G30)-$B$1^2/2)/$B$1),-NORMSDIST(-(-LN(G30)+$B$1^2/2)/$B$1)+G30*NORMSDIST(-(-LN(G30)-$B$1^2/2)/$B$1))/G30^2 -> 6.481e-13 | I30: =I29+J$2 -> 0.12625 | J30: =MIN(NORMSDIST((-LN(I30)+$B$1^2/2)/$B$1)-I30*NORMSDIST((-LN(I30)-$B$1^2/2)/$B$1),-NORMSDIST(-(-LN(I30)+$B$1^2/2)/$B$1)+I30*NORMSDIST(-(-LN(I30)-$B$1^2/2)/$B$1))/I30^2 -> 0
A31: =A30+B$2 -> 2.27 | B31: =MIN(NORMSDIST((-LN(A31)+$B$1^2/2)/$B$1)-A31*NORMSDIST((-LN(A31)-$B$1^2/2)/$B$1),-NORMSDIST(-(-LN(A31)+$B$1^2/2)/$B$1)+A31*NORMSDIST(-(-LN(A31)-$B$1^2/2)/$B$1))/A31^2 -> 2.6711324e-07 | C31: =C30+D$2 -> 1.135 | D31: =MIN(NORMSDIST((-LN(C31)+$B$1^2/2)/$B$1)-C31*NORMSDIST((-LN(C31)-$B$1^2/2)/$B$1),-NORMSDIST(-(-LN(C31)+$B$1^2/2)/$B$1)+C31*NORMSDIST(-(-LN(C31)-$B$1^2/2)/$B$1))/C31^2 -> 0.02635206 | E31: =E30+F$2 -> 0.5675 | F31: =MIN(NORMSDIST((-LN(E31)+$B$1^2/2)/$B$1)-E31*NORMSDIST((-LN(E31)-$B$1^2/2)/$B$1),-NORMSDIST(-(-LN(E31)+$B$1^2/2)/$B$1)+E31*NORMSDIST(-(-LN(E31)-$B$1^2/2)/$B$1))/E31^2 -> 0.00031766211 | G31: =G30+H$2 -> 0.28375 | H31: =MIN(NORMSDIST((-LN(G31)+$B$1^2/2)/$B$1)-G31*NORMSDIST((-LN(G31)-$B$1^2/2)/$B$1),-NORMSDIST(-(-LN(G31)+$B$1^2/2)/$B$1)+G31*NORMSDIST(-(-LN(G31)-$B$1^2/2)/$B$1))/G31^2 -> 3.00417e-11 | I31: =I30+J$2 -> 0.141875 | J31: =MIN(NORMSDIST((-LN(I31)+$B$1^2/2)/$B$1)-I31*NORMSDIST((-LN(I31)-$B$1^2/2)/$B$1),-NORMSDIST(-(-LN(I31)+$B$1^2/2)/$B$1)+I31*NORMSDIST(-(-LN(I31)-$B$1^2/2)/$B$1))/I31^2 -> 0
A32: =A31+B$2 -> 2.52 | B32: =MIN(NORMSDIST((-LN(A32)+$B$1^2/2)/$B$1)-A32*NORMSDIST((-LN(A32)-$B$1^2/2)/$B$1),-NORMSDIST(-(-LN(A32)+$B$1^2/2)/$B$1)+A32*NORMSDIST(-(-LN(A32)-$B$1^2/2)/$B$1))/A32^2 -> 1.8950225e-08 | C32: =C31+D$2 -> 1.26 | D32: =MIN(NORMSDIST((-LN(C32)+$B$1^2/2)/$B$1)-C32*NORMSDIST((-LN(C32)-$B$1^2/2)/$B$1),-NORMSDIST(-(-LN(C32)+$B$1^2/2)/$B$1)+C32*NORMSDIST(-(-LN(C32)-$B$1^2/2)/$B$1))/C32^2 -> 0.0086552348 | E32: =E31+F$2 -> 0.63 | F32: =MIN(NORMSDIST((-LN(E32)+$B$1^2/2)/$B$1)-E32*NORMSDIST((-LN(E32)-$B$1^2/2)/$B$1),-NORMSDIST(-(-LN(E32)+$B$1^2/2)/$B$1)+E32*NORMSDIST(-(-LN(E32)-$B$1^2/2)/$B$1))/E32^2 -> 0.001415636 | G32: =G31+H$2 -> 0.315 | H32: =MIN(NORMSDIST((-LN(G32)+$B$1^2/2)/$B$1)-G32*NORMSDIST((-LN(G32)-$B$1^2/2)/$B$1),-NORMSDIST(-(-LN(G32)+$B$1^2/2)/$B$1)+G32*NORMSDIST(-(-LN(G32)-$B$1^2/2)/$B$1))/G32^2 -> 7.06784e-10 | I32: =I31+J$2 -> 0.1575 | J32: =MIN(NORMSDIST((-LN(I32)+$B$1^2/2)/$B$1)-I32*NORMSDIST((-LN(I32)-$B$1^2/2)/$B$1),-NORMSDIST(-(-LN(I32)+$B$1^2/2)/$B$1)+I32*NORMSDIST(-(-LN(I32)-$B$1^2/2)/$B$1))/I32^2 -> 0
A33: =A32+B$2 -> 2.77 | B33: =MIN(NORMSDIST((-LN(A33)+$B$1^2/2)/$B$1)-A33*NORMSDIST((-LN(A33)-$B$1^2/2)/$B$1),-NORMSDIST(-(-LN(A33)+$B$1^2/2)/$B$1)+A33*NORMSDIST(-(-LN(A33)-$B$1^2/2)/$B$1))/A33^2 -> 1.3869524e-09 | C33: =C32+D$2 -> 1.385 | D33: =MIN(NORMSDIST((-LN(C33)+$B$1^2/2)/$B$1)-C33*NORMSDIST((-LN(C33)-$B$1^2/2)/$B$1),-NORMSDIST(-(-LN(C33)+$B$1^2/2)/$B$1)+C33*NORMSDIST(-(-LN(C33)-$B$1^2/2)/$B$1))/C33^2 -> 0.0026558025 | E33: =E32+F$2 -> 0.6925 | F33: =MIN(NORMSDIST((-LN(E33)+$B$1^2/2)/$B$1)-E33*NORMSDIST((-LN(E33)-$B$1^2/2)/$B$1),-NORMSDIST(-(-LN(E33)+$B$1^2/2)/$B$1)+E33*NORMSDIST(-(-LN(E33)-$B$1^2/2)/$B$1))/E33^2 -> 0.0044914159 | G33: =G32+H$2 -> 0.34625 | H33: =MIN(NORMSDIST((-LN(G33)+$B$1^2/2)/$B$1)-G33*NORMSDIST((-LN(G33)-$B$1^2/2)/$B$1),-NORMSDIST(-(-LN(G33)+$B$1^2/2)/$B$1)+G33*NORMSDIST(-(-LN(G33)-$B$1^2/2)/$B$1))/G33^2 -> 9.8552834e-09 | I33: =I32+J$2 -> 0.173125 | J33: =MIN(NORMSDIST((-LN(I33)+$B$1^2/2)/$B$1)-I33*NORMSDIST((-LN(I33)-$B$1^2/2)/$B$1),-NORMSDIST(-(-LN(I33)+$B$1^2/2)/$B$1)+I33*NORMSDIST(-(-LN(I33)-$B$1^2/2)/$B$1))/I33^2 -> 0
A34: =A33+B$2 -> 3.02 | B34: =MIN(NORMSDIST((-LN(A34)+$B$1^2/2)/$B$1)-A34*NORMSDIST((-LN(A34)-$B$1^2/2)/$B$1),-NORMSDIST(-(-LN(A34)+$B$1^2/2)/$B$1)+A34*NORMSDIST(-(-LN(A34)-$B$1^2/2)/$B$1))/A34^2 -> 1.058717e-10 | C34: =C33+D$2 -> 1.51 | D34: =MIN(NORMSDIST((-LN(C34)+$B$1^2/2)/$B$1)-C34*NORMSDIST((-LN(C34)-$B$1^2/2)/$B$1),-NORMSDIST(-(-LN(C34)+$B$1^2/2)/$B$1)+C34*NORMSDIST(-(-LN(C34)-$B$1^2/2)/$B$1))/C34^2 -> 0.00077388333 | E34: =E33+F$2 -> 0.755 | F34: =MIN(NORMSDIST((-LN(E34)+$B$1^2/2)/$B$1)-E34*NORMSDIST((-LN(E34)-$B$1^2/2)/$B$1),-NORMSDIST(-(-LN(E34)+$B$1^2/2)/$B$1)+E34*NORMSDIST(-(-LN(E34)-$B$1^2/2)/$B$1))/E34^2 -> 0.011012696 | G34: =G33+H$2 -> 0.3775 | H34: =MIN(NORMSDIST((-LN(G34)+$B$1^2/2)/$B$1)-G34*NORMSDIST((-LN(G34)-$B$1^2/2)/$B$1),-NORMSDIST(-(-LN(G34)+$B$1^2/2)/$B$1)+G34*NORMSDIST(-(-LN(G34)-$B$1^2/2)/$B$1))/G34^2 -> 9.0957844e-08 | I34: =I33+J$2 -> 0.18875 | J34: =MIN(NORMSDIST((-LN(I34)+$B$1^2/2)/$B$1)-I34*NORMSDIST((-LN(I34)-$B$1^2/2)/$B$1),-NORMSDIST(-(-LN(I34)+$B$1^2/2)/$B$1)+I34*NORMSDIST(-(-LN(I34)-$B$1^2/2)/$B$1))/I34^2 -> 0
... A397: =A396+B$2 -> 93.77 | B397: =MIN(NORMSDIST((-LN(A397)+$B$1^2/2)/$B$1)-A397*NORMSDIST((-LN(A397)-$B$1^2/2)/$B$1),-NORMSDIST(-(-LN(A397)+$B$1^2/2)/$B$1)+A397*NORMSDIST(-(-LN(A397)-$B$1^2/2)/$B$1))/A397^2 -> 0 | C397: =C396+D$2 -> 46.885 | D397: =MIN(NORMSDIST((-LN(C397)+$B$1^2/2)/$B$1)-C397*NORMSDIST((-LN(C397)-$B$1^2/2)/$B$1),-NORMSDIST(-(-LN(C397)+$B$1^2/2)/$B$1)+C397*NORMSDIST(-(-LN(C397)-$B$1^2/2)/$B$1))/C397^2 -> 0 | E397: =E396+F$2 -> 23.4425 | F397: =MIN(NORMSDIST((-LN(E397)+$B$1^2/2)/$B$1)-E397*NORMSDIST((-LN(E397)-$B$1^2/2)/$B$1),-NORMSDIST(-(-LN(E397)+$B$1^2/2)/$B$1)+E397*NORMSDIST(-(-LN(E397)-$B$1^2/2)/$B$1))/E397^2 -> 0 | G397: =G396+H$2 -> 11.72125 | H397: =MIN(NORMSDIST((-LN(G397)+$B$1^2/2)/$B$1)-G397*NORMSDIST((-LN(G397)-$B$1^2/2)/$B$1),-NORMSDIST(-(-LN(G397)+$B$1^2/2)/$B$1)+G397*NORMSDIST(-(-LN(G397)-$B$1^2/2)/$B$1))/G397^2 -> 0 | I397: =I396+J$2 -> 5.860625 | J397: =MIN(NORMSDIST((-LN(I397)+$B$1^2/2)/$B$1)-I397*NORMSDIST((-LN(I397)-$B$1^2/2)/$B$1),-NORMSDIST(-(-LN(I397)+$B$1^2/2)/$B$1)+I397*NORMSDIST(-(-LN(I397)-$B$1^2/2)/$B$1))/I397^2 -> 0

Sheet Table
A1: 1000000 | D1: proportional errors (estimated/actual - 1)
D2: 0 | E2: 1 | F2: 2 | G2: 3 | H2: 4
A3: Volatility (to maturity) | B3: 0.2 | D3: =$A$1*ABS(Sheet4!B13) -> 148800 | E3: =$A$1*ABS(Sheet4!D13) -> 34800.3 | F3: =$A$1*ABS(Sheet4!F13) -> 8420.932 | G3: =$A$1*ABS(Sheet4!H13) -> 2070.1251 | H3: =$A$1*ABS(Sheet4!J13) -> 513.0979
A4: Delta | B4: 0.25 | D4: =$A$1*ABS(Sheet4!B14) -> 61000 | E4: =$A$1*ABS(Sheet4!D14) -> 16909.2 | F4: =$A$1*ABS(Sheet4!F14) -> 4401.082 | G4: =$A$1*ABS(Sheet4!H14) -> 1119.2274 | H4: =$A$1*ABS(Sheet4!J14) -> 281.9809
A5: K0 | B5: 0.77 | D5: =$A$1*ABS(Sheet4!B15) -> 64000 | E5: =$A$1*ABS(Sheet4!D15) -> 6793.5 | F5: =$A$1*ABS(Sheet4!F15) -> 795.085 | G5: =$A$1*ABS(Sheet4!H15) -> 96.3441 | H5: =$A$1*ABS(Sheet4!J15) -> 11.8606
D6: =$A$1*ABS(Sheet4!B16) -> 8000 | E6: =$A$1*ABS(Sheet4!D16) -> 205.8 | F6: =$A$1*ABS(Sheet4!F16) -> 5.844 | G6: =$A$1*ABS(Sheet4!H16) -> 0.1745 | H6: =$A$1*ABS(Sheet4!J16) -> 0.0053
A7: # $ > .0001 | D7: =Sheet4!B19 -> 4 | E7: =Sheet4!D19 -> 9 | F7: =Sheet4!F19 -> 19 | G7: =Sheet4!H19 -> 38 | H7: =Sheet4!J19 -> 76
A10: Volatility (to maturity) | B10: 0.1 | D10: 512900 | E10: 132800.7 | F10: 33272.036 | G10: 8254.9989 | H10: 2050.815
A11: Delta | B11: 0.25 | D11: 230000 | E11: 66024.7 | F11: 17490.116 | G11: 4469.4271 | H11: 1127.447
A12: K0 | B12: 0.77 | D12: 282700 | E12: 27463.4 | F12: 3184.143 | G12: 385.4319 | H12: 47.4434
D13: 36600 | E13: 818.3 | F13: 23.376 | G13: 0.6979 | H13: 0.0213
D14: 3 | E14: 5 | F14: 9 | G14: 18 | H14: 34
A16: Volatility (to maturity) | B16: 0.1 | D16: 443300 | E16: 126823.3 | F16: 32634.73 | G16: 8183.4384 | H16: 2042.4054
A17: Delta | B17: 0.25 | D17: 266500 | E17: 73497 | F17: 18476.713 | G17: 4594.5813 | H17: 1143.1499
A18: K0 | B18: 0.98 | D18: 130900 | E18: 21037.7 | F18: 2813.529 | G18: 362.7281 | H18: 46.0315
D19: 28600 | E19: 579.4 | F19: 19.616 | G19: 0.6393 | H19: 0.0204
D20: 2 | E20: 4 | F20: 8 | G20: 17 | H20: 35
A22: Volatility (to maturity) | B22: 0.1 | D22: 595300 | E22: 146863.3 | F22: 35167.966 | G22: 8494.6263 | H22: 2080.7193
A23: Delta | B23: 0.25 | D23: 290000 | E23: 66806 | F23: 16376.878 | G23: 4075.2298 | H23: 1017.64
A24: K0 | B24: 0.875 | D24: 9300 | E24: 338 | F24: 21.33 | G24: 1.3391 | H24: 0.0838
D25: 4900 | E25: 10.6 | F25: 0.119 | G25: 0.0019 | H25: 0
D26: 2 | E26: 4 | F26: 9 | G26: 17 | H26: 35
A28: Volatility (to maturity) | B28: 0.2 | D28: 148800 | E28: 34800.3 | F28: 8420.932 | G28: 2070.1251 | H28: 513.0979
A29: Delta | B29: 0.25 | D29: 61000 | E29: 16909.2 | F29: 4401.082 | G29: 1119.2274 | H29: 281.9809
A30: K0 | B30: 0.77 | D30: 64000 | E30: 6793.5 | F30: 795.085 | G30: 96.3441 | H30: 11.8606
D31: 8000 | E31: 205.8 | F31: 5.844 | G31: 0.1745 | H31: 0.0053
D32: 4 | E32: 9 | F32: 19 | G32: 38 | H32: 76
